Workbook

Sheet Assumptions
A1: WarpGrid Density Savings Model — Assumptions
A2: Blue values = inputs you can change. Black values = calculated.
A4: KUBERNETES BASELINE
A5: Parameter | B5: Value | C5: Unit | D5: Notes
A6: Avg pods per K8s node | B6: 40 | C6: pods | D6: Conservative. Typical range: 30-110.
A7: Avg container memory per pod | B7: 256 | C7: MB | D7: Includes base image + runtime overhead.
A8: Avg container CPU per pod | B8: 0.25 | C8: vCPU | D8: Typical request for a microservice.
A9: Node instance type cost (m5.xlarge) | B9: 0.192 | C9: $/hour | D9: AWS us-east-1 on-demand. 4 vCPU, 16 GB.
A10: EKS control plane cost | B10: 0.1 | C10: $/hour | D10: Per cluster. $73/month.
A11: Nodes per cluster | B11: 10 | C11: nodes | D11: Small-medium production cluster.
A12: Clusters per company | B12: 3 | C12: clusters | D12: Dev + staging + prod.
A13: K8s overhead per node (kubelet+containerd+proxy) | B13: 800 | C13: MB | D13: System components memory footprint.
A14: Avg container image size | B14: 250 | C14: MB | D14: Typical Docker image with base OS layer.
A15: Container cold start time | B15: 5 | C15: seconds | D15: Pull + extract + start. Warm start ~1-2s.
A17: WARPGRID WASM BASELINE
A18: Parameter | B18: Value | C18: Unit | D18: Notes
A19: Wasm instances per node (conservative) | B19: 2000 | C19: instances | D19: Fermyon published 5,000+. We use 2,000 conservatively.
A20: Avg Wasm module size | B20: 3 | C20: MB | D20: Typical compiled Rust/Go HTTP service.
A21: Avg Wasm instance memory | B21: 16 | C21: MB | D21: Linear memory. Most services use 8-32 MB.
A22: Wasm cold start time | B22: 3 | C22: ms | D22: Wasmtime AOT. Measured, not theoretical.
A23: WarpGrid node overhead | B23: 50 | C23: MB | D23: Single binary. No containerd, runc, kubelet.
A24: WarpGrid control plane cost | B24: 0 | C24: $/hour | D24: Self-hosted. Runs on existing nodes.
A25: Density multiplier vs K8s | B25: =B19/B6 -> 50 | C25: x | D25: Calculated: WASM instances per node / K8s pods per node

Sheet Company Scenarios
A1: WarpGrid Density Savings by Company Profile
A2: All calculations reference the Assumptions sheet. Change inputs there to update all scenarios.
A4: Metric | B4: Startup (50 services) | C4: Scale-up (200 services) | D4: Mid-Market (500 services) | E4: Enterprise (2,000 services) | F4: Large Enterprise (10,000 services)
A5: KUBERNETES COSTS
A6: Total services/pods | B6: 50 | C6: 200 | D6: 500 | E6: 2000 | F6: 10000
A7: K8s nodes needed | B7: =CEILING(B6/Assumptions!B6,1) -> 2 | C7: =CEILING(C6/Assumptions!B6,1) -> 5 | D7: =CEILING(D6/Assumptions!B6,1) -> 13 | E7: =CEILING(E6/Assumptions!B6,1) -> 50 | F7: =CEILING(F6/Assumptions!B6,1) -> 250
A8: K8s clusters | B8: =Assumptions!B12 -> 3 | C8: =Assumptions!B12 -> 3 | D8: =Assumptions!B12 -> 3 | E8: =Assumptions!B12 -> 3 | F8: =Assumptions!B12 -> 3
A9: Monthly node compute ($) | B9: =B7*Assumptions!B9*730 -> 280.32 | C9: =C7*Assumptions!B9*730 -> 700.8 | D9: =D7*Assumptions!B9*730 -> 1822.08 | E9: =E7*Assumptions!B9*730 -> 7008 | F9: =F7*Assumptions!B9*730 -> 35040
A10: Monthly EKS control plane ($) | B10: =B8*Assumptions!B10*730 -> 219 | C10: =C8*Assumptions!B10*730 -> 219 | D10: =D8*Assumptions!B10*730 -> 219 | E10: =E8*Assumptions!B10*730 -> 219 | F10: =F8*Assumptions!B10*730 -> 219
A11: TOTAL K8s monthly ($) | B11: =B9+B10 -> 499.32 | C11: =C9+C10 -> 919.8 | D11: =D9+D10 -> 2041.08 | E11: =E9+E10 -> 7227 | F11: =F9+F10 -> 35259
A12: TOTAL K8s annual ($) | B12: =B11*12 -> 5991.84 | C12: =C11*12 -> 11037.6 | D12: =D11*12 -> 24492.96 | E12: =E11*12 -> 86724 | F12: =F11*12 -> 423108
A14: WARPGRID COSTS
A15: Total services/instances | B15: 50 | C15: 200 | D15: 500 | E15: 2000 | F15: 10000
A16: WarpGrid nodes needed | B16: =CEILING(B15/Assumptions!B19,1) -> 1 | C16: =CEILING(C15/Assumptions!B19,1) -> 1 | D16: =CEILING(D15/Assumptions!B19,1) -> 1 | E16: =CEILING(E15/Assumptions!B19,1) -> 1 | F16: =CEILING(F15/Assumptions!B19,1) -> 5
A17: WarpGrid control plane ($) | B17: 0 | C17: 0 | D17: 0 | E17: 0 | F17: 0
A18: Monthly node compute ($) | B18: =B16*Assumptions!B9*730 -> 140.16 | C18: =C16*Assumptions!B9*730 -> 140.16 | D18: =D16*Assumptions!B9*730 -> 140.16 | E18: =E16*Assumptions!B9*730 -> 140.16 | F18: =F16*Assumptions!B9*730 -> 700.8
A19: TOTAL WarpGrid monthly ($) | B19: =B18+B17 -> 140.16 | C19: =C18+C17 -> 140.16 | D19: =D18+D17 -> 140.16 | E19: =E18+E17 -> 140.16 | F19: =F18+F17 -> 700.8
A20: TOTAL WarpGrid annual ($) | B20: =B19*12 -> 1681.92 | C20: =C19*12 -> 1681.92 | D20: =D19*12 -> 1681.92 | E20: =E19*12 -> 1681.92 | F20: =F19*12 -> 8409.6
A22: SAVINGS
A23: Monthly savings ($) | B23: =B11-B19 -> 359.16 | C23: =C11-C19 -> 779.64 | D23: =D11-D19 -> 1900.92 | E23: =E11-E19 -> 7086.84 | F23: =F11-F19 -> 34558.2
A24: Annual savings ($) | B24: =B23*12 -> 4309.92 | C24: =C23*12 -> 9355.68 | D24: =D23*12 -> 22811.04 | E24: =E23*12 -> 85042.08 | F24: =F23*12 -> 414698.4
A25: Savings percentage | B25: =IF(B11>0,B23/B11,0) -> 0.71929825 | C25: =IF(C11>0,C23/C11,0) -> 0.84761905 | D25: =IF(D11>0,D23/D11,0) -> 0.93133047 | E25: =IF(E11>0,E23/E11,0) -> 0.98060606 | F25: =IF(F11>0,F23/F11,0) -> 0.98012422
A26: Node reduction | B26: =B7-B16 -> 1 | C26: =C7-C16 -> 4 | D26: =D7-D16 -> 12 | E26: =E7-E16 -> 49 | F26: =F7-F16 -> 245
A27: Density multiplier | B27: =Assumptions!B25 -> 50 | C27: =Assumptions!B25 -> 50 | D27: =Assumptions!B25 -> 50 | E27: =Assumptions!B25 -> 50 | F27: =Assumptions!B25 -> 50
A29: ADDITIONAL VALUE (NOT QUANTIFIED ABOVE)
A30: • Cold start: 3ms (Wasm) vs 5s (Docker) — enables true scale-to-zero, further savings
A31: • No EKS/GKE/AKS management fee — self-hosted, zero vendor lock-in
A32: • No container image registry costs — Wasm modules are 50-100x smaller
A33: • Reduced ops team: no containerd, CNI, CSI, CRI debugging
A34: • Security: Wasm sandbox eliminates container escape CVEs entirely
A35: • No base image patching — Wasm modules have no OS layer to maintain
A37: CAVEATS
A38: ⚠ These savings assume workloads ARE Wasm-compatible. Per our analysis, ~25-35% of typical backend services compile today.
A39: ⚠ Savings are on compute only. Does not include eng time to migrate, retrain teams, or adopt new tooling.
A40: ⚠ WarpGrid is self-hosted: you trade managed-K8s ops for WarpGrid ops (simpler, but still non-zero).
A41: ⚠ Database, cache, and storage costs are external and unchanged — this model covers compute orchestration only.
A42: ⚠ Conservative estimate uses 2,000 Wasm instances/node. Fermyon has demonstrated 5,000+. Actual density depends on workload memory.
